,timestamp,BTCUSDT_close,ETHUSDT_close,DOGEUSDT_close
0,2025-05-16 22:14:00,103485,2556.8,0.22207
1,2025-05-16 22:13:00,103457,2554.84,0.22175
2,2025-05-16 22:12:00,103505,2555.91,0.22204
3,2025-05-16 22:11:00,103481.9,2554.17,0.2223
4,2025-05-16 22:10:00,103462.7,2553.34,0.2222
5,2025-05-16 22:09:00,103517.1,2556.96,0.2227
6,2025-05-16 22:08:00,103454,2554.4,0.2225
7,2025-05-16 22:07:00,103438.8,2553.2,0.22235
8,2025-05-16 22:06:00,103479.7,2556.47,0.22262
9,2025-05-16 22:05:00,103501,2555.79,0.22266
10,2025-05-16 22:04:00,103536.5,2560.03,0.22309
11,2025-05-16 22:03:00,103521.1,2559.89,0.22295
12,2025-05-16 22:02:00,103520,2560.55,0.22281
13,2025-05-16 22:01:00,103585.5,2565.6,0.22348
14,2025-05-16 22:00:00,103621.1,2569.21,0.2239
15,2025-05-16 21:59:00,103612.2,2567.39,0.22376
16,2025-05-16 21:58:00,103619.6,2567.5,0.22381
17,2025-05-16 21:57:00,103582.5,2566.25,0.22351
18,2025-05-16 21:56:00,103603.4,2567.6,0.22381
19,2025-05-16 21:55:00,103569.9,2564.74,0.22359
20,2025-05-16 21:54:00,103565.8,2564.89,0.22372
21,2025-05-16 21:53:00,103606.2,2565.9,0.22372
22,2025-05-16 21:52:00,103616.3,2567.07,0.22379
23,2025-05-16 21:51:00,103650.5,2570.44,0.2242
24,2025-05-16 21:50:00,103681.7,2573.62,0.22437
25,2025-05-16 21:49:00,103700.4,2574.19,0.22431
26,2025-05-16 21:48:00,103641.4,2573.55,0.22423
27,2025-05-16 21:47:00,103633.7,2572.79,0.22421
28,2025-05-16 21:46:00,103664.8,2575,0.22441
29,2025-05-16 21:45:00,103643.3,2574.01,0.22457
30,2025-05-16 21:44:00,103729.9,2575.98,0.22453
31,2025-05-16 21:43:00,103726.2,2576.25,0.22441
32,2025-05-16 21:42:00,103664.5,2574.3,0.22442
33,2025-05-16 21:41:00,103674.1,2574,0.22464
34,2025-05-16 21:40:00,103661.9,2569.59,0.22415
35,2025-05-16 21:39:00,103640.1,2570.3,0.22448
36,2025-05-16 21:38:00,103679.4,2568.8,0.22441
37,2025-05-16 21:37:00,103641.6,2568.65,0.22434
38,2025-05-16 21:36:00,103642.4,2568.26,0.22416
39,2025-05-16 21:35:00,103636.7,2570.64,0.22424
40,2025-05-16 21:34:00,103699.9,2572.25,0.22492
41,2025-05-16 21:33:00,103602.7,2568.7,0.22442
42,2025-05-16 21:32:00,103500,2559.88,0.22319
43,2025-05-16 21:31:00,103573.8,2562.19,0.22344
44,2025-05-16 21:30:00,103573.8,2567.93,0.22392
45,2025-05-16 21:29:00,103573.9,2568.3,0.22396
46,2025-05-16 21:28:00,103570.4,2569.95,0.2241
47,2025-05-16 21:27:00,103570.3,2572,0.22434
48,2025-05-16 21:26:00,103571.6,2573.32,0.22448
49,2025-05-16 21:25:00,103573.9,2575.2,0.22455
50,2025-05-16 21:24:00,103617.8,2576.15,0.22472
51,2025-05-16 21:23:00,103629.8,2576.8,0.22495
52,2025-05-16 21:22:00,103629.8,2577.06,0.22491
53,2025-05-16 21:21:00,103639.2,2576.79,0.22488
54,2025-05-16 21:20:00,103639.3,2576.19,0.22488
55,2025-05-16 21:19:00,103644.1,2574.99,0.22475
56,2025-05-16 21:18:00,103655.2,2575.2,0.22484
57,2025-05-16 21:17:00,103647.7,2575.75,0.22487
58,2025-05-16 21:16:00,103658.9,2577.2,0.22515
59,2025-05-16 21:15:00,103650.2,2576.72,0.22491
60,2025-05-16 21:14:00,103765.8,2582.78,0.22553
61,2025-05-16 21:13:00,103756.3,2580.7,0.22533
62,2025-05-16 21:12:00,103756.4,2580.26,0.22525
63,2025-05-16 21:11:00,103756.9,2582.4,0.22536
64,2025-05-16 21:10:00,103752.4,2580.96,0.22509
65,2025-05-16 21:09:00,103724.4,2579.15,0.22498
66,2025-05-16 21:08:00,103776.4,2577.79,0.22487
67,2025-05-16 21:07:00,103793.6,2576.58,0.2247
68,2025-05-16 21:06:00,103762.1,2574.09,0.22424
69,2025-05-16 21:05:00,103724.3,2573.42,0.22439
70,2025-05-16 21:04:00,103740.4,2574.17,0.22452
71,2025-05-16 21:03:00,103743,2574.93,0.22456
72,2025-05-16 21:02:00,103793.4,2574.75,0.2247
73,2025-05-16 21:01:00,103775.9,2574.59,0.2248
74,2025-05-16 21:00:00,103768.3,2572.93,0.2245
75,2025-05-16 20:59:00,103691.7,2570.89,0.22426
76,2025-05-16 20:58:00,103621,2566.41,0.22345
77,2025-05-16 20:57:00,103571.9,2566.39,0.22329
78,2025-05-16 20:56:00,103638.6,2566.96,0.2233
79,2025-05-16 20:55:00,103544.8,2564.38,0.22278
80,2025-05-16 20:54:00,103598,2566.18,0.22316
81,2025-05-16 20:53:00,103593,2566.53,0.2233
82,2025-05-16 20:52:00,103597.3,2567.4,0.22325
83,2025-05-16 20:51:00,103555.9,2565.12,0.22288
84,2025-05-16 20:50:00,103551.2,2567.18,0.22278
85,2025-05-16 20:49:00,103569,2567.86,0.22274
86,2025-05-16 20:48:00,103543.8,2565.52,0.22238
87,2025-05-16 20:47:00,103531,2563.75,0.22219
88,2025-05-16 20:46:00,103531.1,2562.23,0.22212
89,2025-05-16 20:45:00,103574.2,2563.32,0.2224
90,2025-05-16 20:44:00,103612,2565.27,0.22259
91,2025-05-16 20:43:00,103597.3,2565.64,0.22274
92,2025-05-16 20:42:00,103613.9,2567.23,0.2228
93,2025-05-16 20:41:00,103641.7,2568.7,0.223
94,2025-05-16 20:40:00,103635.8,2568.8,0.22322
95,2025-05-16 20:39:00,103658.5,2571,0.22343
96,2025-05-16 20:38:00,103598.8,2569.57,0.22323
97,2025-05-16 20:37:00,103563.6,2566.01,0.22276
98,2025-05-16 20:36:00,103601.1,2568.8,0.22301
99,2025-05-16 20:35:00,103649.9,2570.41,0.22343
100,2025-05-16 20:34:00,103645.6,2567.52,0.22325
101,2025-05-16 20:33:00,103680,2572.27,0.22356
102,2025-05-16 20:32:00,103696.3,2572.42,0.22396
103,2025-05-16 20:31:00,103839.5,2582,0.22552
104,2025-05-16 20:30:00,103849.5,2581.74,0.22554
105,2025-05-16 20:29:00,103880.2,2583.38,0.22578
106,2025-05-16 20:28:00,103910.5,2584.39,0.2259
107,2025-05-16 20:27:00,103885.6,2584.31,0.22588
108,2025-05-16 20:26:00,103859.2,2583.43,0.22562
109,2025-05-16 20:25:00,103855.4,2584.01,0.22565
110,2025-05-16 20:24:00,103854.7,2584.01,0.22575
111,2025-05-16 20:23:00,103862.6,2583.59,0.22575
112,2025-05-16 20:22:00,103859.5,2582.4,0.22561
113,2025-05-16 20:21:00,103862.2,2581.98,0.22566
114,2025-05-16 20:20:00,103885.7,2584.11,0.22584
115,2025-05-16 20:19:00,103876.4,2583.43,0.22585
116,2025-05-16 20:18:00,103869.7,2583.24,0.22581
117,2025-05-16 20:17:00,103868,2582.69,0.22576
118,2025-05-16 20:16:00,103902.6,2585.28,0.22624
119,2025-05-16 20:15:00,103915.1,2586.32,0.22636
120,2025-05-16 20:14:00,103919.2,2587.4,0.22646
121,2025-05-16 20:13:00,103911.1,2588.48,0.22655
122,2025-05-16 20:12:00,103930.9,2588.83,0.22675
123,2025-05-16 20:11:00,103959.9,2590.01,0.22672
124,2025-05-16 20:10:00,103945.6,2590.55,0.2267
125,2025-05-16 20:09:00,103935.8,2590.22,0.2267
126,2025-05-16 20:08:00,103996.9,2591.32,0.22692
127,2025-05-16 20:07:00,103994.9,2591.95,0.227
128,2025-05-16 20:06:00,103970.3,2590.75,0.22675
129,2025-05-16 20:05:00,103854,2587.99,0.22605
130,2025-05-16 20:04:00,103843.3,2587.17,0.2261
131,2025-05-16 20:03:00,103903.1,2588.23,0.22648
132,2025-05-16 20:02:00,103942.8,2590.42,0.2265
133,2025-05-16 20:01:00,103921.8,2591.18,0.22655
134,2025-05-16 20:00:00,103937.6,2590.59,0.22665
135,2025-05-16 19:59:00,104020.8,2591.81,0.227
136,2025-05-16 19:58:00,103999.8,2589.99,0.22679
137,2025-05-16 19:57:00,103982.9,2591.79,0.22682
138,2025-05-16 19:56:00,103975.5,2591.04,0.22685
139,2025-05-16 19:55:00,103980.7,2592.7,0.22696
140,2025-05-16 19:54:00,103922,2589.6,0.22645
141,2025-05-16 19:53:00,103904.5,2588.26,0.22617
142,2025-05-16 19:52:00,103841.1,2584.72,0.22602
143,2025-05-16 19:51:00,103853.5,2586.41,0.22609
144,2025-05-16 19:50:00,103767.4,2583.86,0.22585
145,2025-05-16 19:49:00,103719,2581.85,0.22557
146,2025-05-16 19:48:00,103815.7,2586.31,0.2261
147,2025-05-16 19:47:00,103841.3,2587.83,0.22646
148,2025-05-16 19:46:00,103794,2585.83,0.22594
149,2025-05-16 19:45:00,103821.4,2586.37,0.22622
150,2025-05-16 19:44:00,103784.4,2585.01,0.22595
151,2025-05-16 19:43:00,103793.3,2585.68,0.22605
152,2025-05-16 19:42:00,103789.5,2587.04,0.22625
153,2025-05-16 19:41:00,103767.2,2585.57,0.22605
154,2025-05-16 19:40:00,103787.1,2586,0.22606
155,2025-05-16 19:39:00,103791.8,2585.61,0.22606
156,2025-05-16 19:38:00,103796.9,2585.3,0.22606
157,2025-05-16 19:37:00,103780,2584.41,0.2258
158,2025-05-16 19:36:00,103815,2586.11,0.2261
159,2025-05-16 19:35:00,103820.5,2586,0.2261
160,2025-05-16 19:34:00,103825.8,2585.35,0.2262
161,2025-05-16 19:33:00,103792.3,2584.87,0.22605
162,2025-05-16 19:32:00,103779.9,2583.88,0.22576
163,2025-05-16 19:31:00,103793.3,2584.84,0.22614
164,2025-05-16 19:30:00,103726.8,2586.14,0.22622
165,2025-05-16 19:29:00,103670.6,2584.16,0.22597
166,2025-05-16 19:28:00,103678.9,2585.41,0.22601
167,2025-05-16 19:27:00,103650,2585.3,0.22587
168,2025-05-16 19:26:00,103609.4,2582.63,0.22532
169,2025-05-16 19:25:00,103606.7,2580.47,0.22504
170,2025-05-16 19:24:00,103609.8,2580.3,0.225
171,2025-05-16 19:23:00,103640.1,2580.01,0.22502
172,2025-05-16 19:22:00,103639.6,2581,0.22514
173,2025-05-16 19:21:00,103620.9,2579.89,0.22475
174,2025-05-16 19:20:00,103589.7,2577.86,0.22462
175,2025-05-16 19:19:00,103618.8,2580.39,0.22475
176,2025-05-16 19:18:00,103643,2580.91,0.22506
177,2025-05-16 19:17:00,103624.1,2577.72,0.22475
178,2025-05-16 19:16:00,103681,2580.81,0.2254
179,2025-05-16 19:15:00,103720,2581.87,0.2255
180,2025-05-16 19:14:00,103726.7,2583.61,0.2255
181,2025-05-16 19:13:00,103757.7,2586,0.22575
182,2025-05-16 19:12:00,103734.6,2585.5,0.22582
183,2025-05-16 19:11:00,103770.1,2587.06,0.226
184,2025-05-16 19:10:00,103755.3,2588.45,0.22611
185,2025-05-16 19:09:00,103726.1,2586.31,0.22581
186,2025-05-16 19:08:00,103719.9,2587.06,0.2256
187,2025-05-16 19:07:00,103747.7,2587.91,0.22564
188,2025-05-16 19:06:00,103807.7,2592.81,0.22609
189,2025-05-16 19:05:00,103768.2,2590.84,0.22591
190,2025-05-16 19:04:00,103748.1,2590.39,0.2257
191,2025-05-16 19:03:00,103698.2,2587.24,0.2253
192,2025-05-16 19:02:00,103773.9,2591.94,0.2261
193,2025-05-16 19:01:00,103796.9,2592.89,0.22612
194,2025-05-16 19:00:00,103709.9,2588.41,0.2255
195,2025-05-16 18:59:00,103689.4,2586.28,0.22549
196,2025-05-16 18:58:00,103746,2587.68,0.2257
197,2025-05-16 18:57:00,103736.6,2588.4,0.22561
198,2025-05-16 18:56:00,103716.1,2589.86,0.22586
199,2025-05-16 18:55:00,103750.9,2588.3,0.226
200,2025-05-16 18:54:00,103857.2,2588.85,0.22613
201,2025-05-16 18:53:00,103760,2584.81,0.22545
202,2025-05-16 18:52:00,103763.8,2584,0.22546
203,2025-05-16 18:51:00,103834.8,2587.79,0.22612
204,2025-05-16 18:50:00,103795.3,2585.69,0.22585
205,2025-05-16 18:49:00,103795.2,2583.56,0.22555
206,2025-05-16 18:48:00,103810.1,2580.8,0.2251
207,2025-05-16 18:47:00,103833.5,2582.58,0.22535
208,2025-05-16 18:46:00,103833.9,2581.41,0.2251
209,2025-05-16 18:45:00,103848.5,2583.14,0.22525
210,2025-05-16 18:44:00,103824.8,2581.27,0.22515
211,2025-05-16 18:43:00,103837.3,2582.09,0.2252
212,2025-05-16 18:42:00,103875.3,2582.41,0.22531
213,2025-05-16 18:41:00,103936.2,2584.57,0.22539
214,2025-05-16 18:40:00,103956.3,2586.08,0.2257
215,2025-05-16 18:39:00,103992.6,2585.45,0.226
216,2025-05-16 18:38:00,103984,2585.99,0.2258
217,2025-05-16 18:37:00,104010,2584.48,0.22584
218,2025-05-16 18:36:00,104024.5,2586.01,0.2259
219,2025-05-16 18:35:00,104000,2584.86,0.2258
220,2025-05-16 18:34:00,103992,2585.43,0.22593
221,2025-05-16 18:33:00,104016.8,2584.95,0.22596
222,2025-05-16 18:32:00,103960.1,2583.67,0.2257
223,2025-05-16 18:31:00,103854.5,2578.51,0.22523
224,2025-05-16 18:30:00,103828.7,2576.57,0.22515
225,2025-05-16 18:29:00,103875.9,2578.3,0.22554
226,2025-05-16 18:28:00,103851.4,2577.37,0.2253
227,2025-05-16 18:27:00,103930,2580,0.22581
228,2025-05-16 18:26:00,104001.3,2582.04,0.22606
229,2025-05-16 18:25:00,103969.9,2579.59,0.22584
230,2025-05-16 18:24:00,103916.1,2578.18,0.22585
231,2025-05-16 18:23:00,103972.3,2581.49,0.22632
232,2025-05-16 18:22:00,103990.1,2582,0.22635
233,2025-05-16 18:21:00,103970,2580.32,0.22621
234,2025-05-16 18:20:00,103963.9,2579.68,0.22636
235,2025-05-16 18:19:00,103975.8,2579.6,0.22655
236,2025-05-16 18:18:00,103987.3,2578.73,0.22653
237,2025-05-16 18:17:00,104020,2580.3,0.2268
238,2025-05-16 18:16:00,104088.3,2585.65,0.22764
239,2025-05-16 18:15:00,104055.8,2585.28,0.22757
240,2025-05-16 18:14:00,103994.4,2582.69,0.22719
241,2025-05-16 18:13:00,104003.7,2582.81,0.22718
242,2025-05-16 18:12:00,104008.8,2583.59,0.22723
243,2025-05-16 18:11:00,104002.9,2582.21,0.227
244,2025-05-16 18:10:00,104062.3,2582.79,0.2271
245,2025-05-16 18:09:00,104030.9,2582.23,0.22691
246,2025-05-16 18:08:00,104018.5,2582.27,0.22704
247,2025-05-16 18:07:00,104008.7,2581.74,0.2268
248,2025-05-16 18:06:00,103980.1,2580.8,0.22674
249,2025-05-16 18:05:00,103956.4,2580.19,0.22633
250,2025-05-16 18:04:00,103956.4,2581,0.22649
251,2025-05-16 18:03:00,103927.9,2580.42,0.22625
252,2025-05-16 18:02:00,103922.3,2581.01,0.2263
253,2025-05-16 18:01:00,103870,2581.24,0.22608
254,2025-05-16 18:00:00,103840,2579.61,0.22575
255,2025-05-16 17:59:00,103869.8,2578,0.22583
256,2025-05-16 17:58:00,103860,2577.17,0.22558
257,2025-05-16 17:57:00,103852.6,2575.2,0.22551
258,2025-05-16 17:56:00,103819.6,2575.31,0.22555
259,2025-05-16 17:55:00,103770.8,2572.36,0.22523
260,2025-05-16 17:54:00,103800,2573.21,0.22509
261,2025-05-16 17:53:00,103881.5,2575.52,0.22534
262,2025-05-16 17:52:00,103928.2,2578.8,0.22581
263,2025-05-16 17:51:00,103960,2580.8,0.226
264,2025-05-16 17:50:00,103977.6,2581.6,0.22605
265,2025-05-16 17:49:00,103989.5,2582.63,0.22615
266,2025-05-16 17:48:00,104000.1,2583.79,0.22615
267,2025-05-16 17:47:00,104018.3,2584.8,0.22624
268,2025-05-16 17:46:00,104039,2585.91,0.2265
269,2025-05-16 17:45:00,104045.4,2587.63,0.22665
270,2025-05-16 17:44:00,104030,2586.51,0.22639
271,2025-05-16 17:43:00,103995.1,2584.45,0.22615
272,2025-05-16 17:42:00,104015.1,2584.79,0.22623
273,2025-05-16 17:41:00,103959.9,2581.81,0.226
274,2025-05-16 17:40:00,103967.7,2580.72,0.22594
275,2025-05-16 17:39:00,103969.8,2580.22,0.22608
276,2025-05-16 17:38:00,103989.1,2580,0.22585
277,2025-05-16 17:37:00,103970.1,2579.27,0.22597
278,2025-05-16 17:36:00,104053.3,2581.36,0.22625
279,2025-05-16 17:35:00,104100.1,2583.2,0.22661
280,2025-05-16 17:34:00,104113.2,2583.4,0.22657
281,2025-05-16 17:33:00,104137,2586.03,0.22698
282,2025-05-16 17:32:00,104190.1,2587.58,0.22723
283,2025-05-16 17:31:00,104302.5,2591.6,0.22796
284,2025-05-16 17:30:00,104305,2591.45,0.22787
285,2025-05-16 17:29:00,104277.5,2589.54,0.22778
286,2025-05-16 17:28:00,104247.6,2588.65,0.22764
287,2025-05-16 17:27:00,104270,2590.19,0.2278
288,2025-05-16 17:26:00,104283.5,2590.95,0.228
289,2025-05-16 17:25:00,104381.6,2593.5,0.22831
290,2025-05-16 17:24:00,104335.1,2592.34,0.22796
291,2025-05-16 17:23:00,104335.2,2590.87,0.22775
292,2025-05-16 17:22:00,104341.7,2591.47,0.22795
293,2025-05-16 17:21:00,104307,2589.81,0.22777
294,2025-05-16 17:20:00,104331.5,2591.6,0.22795
295,2025-05-16 17:19:00,104291.9,2593.51,0.22807
296,2025-05-16 17:18:00,104275.1,2591.24,0.228
297,2025-05-16 17:17:00,104287.1,2591.17,0.22804
298,2025-05-16 17:16:00,104277.3,2590.62,0.2279
299,2025-05-16 17:15:00,104189.9,2587.05,0.2274
300,2025-05-16 17:14:00,104132.4,2584.25,0.22688
301,2025-05-16 17:13:00,104114,2584.79,0.2271
302,2025-05-16 17:12:00,104123.8,2583.91,0.22714
303,2025-05-16 17:11:00,104013.9,2581.75,0.2268
304,2025-05-16 17:10:00,104079.7,2582.32,0.2271
305,2025-05-16 17:09:00,104044.5,2581.79,0.22715
306,2025-05-16 17:08:00,104057.6,2582.4,0.22723
307,2025-05-16 17:07:00,104013.8,2582.02,0.22753
308,2025-05-16 17:06:00,104067.8,2584.17,0.22794
309,2025-05-16 17:05:00,104081.9,2583.91,0.22803
310,2025-05-16 17:04:00,104196.9,2587.39,0.22849
311,2025-05-16 17:03:00,104243.7,2589.92,0.22872
312,2025-05-16 17:02:00,104190,2586.4,0.22823
313,2025-05-16 17:01:00,104223,2587.81,0.22836
314,2025-05-16 17:00:00,104203.3,2586.8,0.22837
315,2025-05-16 16:59:00,104156.1,2586.4,0.22806
316,2025-05-16 16:58:00,104203.9,2587.26,0.2283
317,2025-05-16 16:57:00,104179.9,2586.36,0.22817
318,2025-05-16 16:56:00,104180.1,2586.41,0.22822
319,2025-05-16 16:55:00,104221,2587.32,0.22847
320,2025-05-16 16:54:00,104168,2585.2,0.22815
321,2025-05-16 16:53:00,104171,2586.3,0.22799
322,2025-05-16 16:52:00,104173.3,2586.1,0.2278
323,2025-05-16 16:51:00,104010.6,2580.74,0.2272
324,2025-05-16 16:50:00,103993.5,2578.8,0.22696
325,2025-05-16 16:49:00,104017.9,2580,0.22694
326,2025-05-16 16:48:00,104049.8,2579.66,0.22686
327,2025-05-16 16:47:00,104009.5,2579.59,0.22665
328,2025-05-16 16:46:00,104007.5,2578.8,0.22676
329,2025-05-16 16:45:00,103945,2574.39,0.2261
330,2025-05-16 16:44:00,103988.2,2576.22,0.22639
331,2025-05-16 16:43:00,103964.5,2574.09,0.22628
332,2025-05-16 16:42:00,103957,2575.62,0.22654
333,2025-05-16 16:41:00,103968.4,2575.01,0.22647
334,2025-05-16 16:40:00,104010,2574.19,0.22655
335,2025-05-16 16:39:00,103922.6,2573.31,0.22644
336,2025-05-16 16:38:00,103878.5,2571.97,0.22597
337,2025-05-16 16:37:00,103887.8,2574.65,0.22616
338,2025-05-16 16:36:00,103960,2577.2,0.2266
339,2025-05-16 16:35:00,103963.1,2577.91,0.22672
340,2025-05-16 16:34:00,103924.6,2576.71,0.2264
341,2025-05-16 16:33:00,103921.5,2577.2,0.22648
342,2025-05-16 16:32:00,104032.3,2581.94,0.22706
343,2025-05-16 16:31:00,104066.3,2583.38,0.22748
344,2025-05-16 16:30:00,104047.2,2583.66,0.22759
345,2025-05-16 16:29:00,103960,2581,0.2274
346,2025-05-16 16:28:00,104050.9,2581.49,0.22745
347,2025-05-16 16:27:00,104000,2581.66,0.22733
348,2025-05-16 16:26:00,104031.8,2582.48,0.22748
349,2025-05-16 16:25:00,103999.6,2580.24,0.22728
350,2025-05-16 16:24:00,104000.3,2579.8,0.22719
351,2025-05-16 16:23:00,104041.6,2580.39,0.2274
352,2025-05-16 16:22:00,104018.2,2578.86,0.22733
353,2025-05-16 16:21:00,104080,2580.44,0.22753
354,2025-05-16 16:20:00,104176,2582.08,0.22794
355,2025-05-16 16:19:00,104147.9,2581.83,0.22779
356,2025-05-16 16:18:00,104151.5,2582.65,0.22794
357,2025-05-16 16:17:00,104250.1,2584.56,0.22832
358,2025-05-16 16:16:00,104374.9,2591.57,0.22925
359,2025-05-16 16:15:00,104382,2590.27,0.2293
360,2025-05-16 16:14:00,104304.6,2587.9,0.22907
361,2025-05-16 16:13:00,104326.1,2589.12,0.22938
362,2025-05-16 16:12:00,104359.7,2589.32,0.2297
363,2025-05-16 16:11:00,104397.8,2592.77,0.23005
364,2025-05-16 16:10:00,104335.4,2589.31,0.23
365,2025-05-16 16:09:00,104343.7,2590.46,0.22994
366,2025-05-16 16:08:00,104389.2,2592.81,0.23025
367,2025-05-16 16:07:00,104387.4,2592.63,0.23008
368,2025-05-16 16:06:00,104420,2597.2,0.23045
369,2025-05-16 16:05:00,104454.8,2597.35,0.23013
370,2025-05-16 16:04:00,104474,2600.05,0.23058
371,2025-05-16 16:03:00,104455.1,2600.4,0.23078
372,2025-05-16 16:02:00,104381.5,2597.6,0.23
373,2025-05-16 16:01:00,104359.4,2598.54,0.22986
374,2025-05-16 16:00:00,104277.9,2598.27,0.2296
375,2025-05-16 15:59:00,104186.9,2595,0.22899
376,2025-05-16 15:58:00,104125.9,2593.36,0.22883
377,2025-05-16 15:57:00,104107,2593.16,0.22885
378,2025-05-16 15:56:00,104011.7,2590.87,0.22851
379,2025-05-16 15:55:00,103970,2589.77,0.22835
380,2025-05-16 15:54:00,103983.3,2591.23,0.2286
381,2025-05-16 15:53:00,103956.8,2590.22,0.22838
382,2025-05-16 15:52:00,103945,2588.8,0.22825
383,2025-05-16 15:51:00,103907,2588,0.22818
384,2025-05-16 15:50:00,103947.4,2589.6,0.2284
385,2025-05-16 15:49:00,103948.2,2587.73,0.22847
386,2025-05-16 15:48:00,103940.7,2588.52,0.22862
387,2025-05-16 15:47:00,104019,2593.14,0.22919
388,2025-05-16 15:46:00,104005.8,2591.98,0.2291
389,2025-05-16 15:45:00,103967.1,2588.01,0.2289
390,2025-05-16 15:44:00,104009.2,2588.21,0.22912
391,2025-05-16 15:43:00,104015.3,2590.26,0.2294
392,2025-05-16 15:42:00,103987.2,2589.08,0.2292
393,2025-05-16 15:41:00,103970,2591.41,0.22953
394,2025-05-16 15:40:00,103914.3,2587.53,0.22877
395,2025-05-16 15:39:00,103903.1,2586.76,0.2286
396,2025-05-16 15:38:00,103901.3,2586.81,0.2287
397,2025-05-16 15:37:00,103984.3,2588.59,0.22895
398,2025-05-16 15:36:00,104055.2,2590.4,0.2291
399,2025-05-16 15:35:00,104031.3,2591.2,0.22914
400,2025-05-16 15:34:00,104030,2591.83,0.229
401,2025-05-16 15:33:00,104076.1,2593.27,0.22912
402,2025-05-16 15:32:00,103987.3,2590.81,0.22885
403,2025-05-16 15:31:00,103969,2591.37,0.2287
404,2025-05-16 15:30:00,103874.4,2588.99,0.22807
405,2025-05-16 15:29:00,103850.5,2586.59,0.22774
406,2025-05-16 15:28:00,103872,2586.89,0.22787
407,2025-05-16 15:27:00,103922.3,2589.49,0.22812
408,2025-05-16 15:26:00,103911.2,2586.92,0.22825
409,2025-05-16 15:25:00,103871.4,2585.6,0.22785
410,2025-05-16 15:24:00,103860,2585.65,0.22785
411,2025-05-16 15:23:00,103919.9,2587.93,0.22789
412,2025-05-16 15:22:00,103907,2586.41,0.2278
413,2025-05-16 15:21:00,103982.4,2590.3,0.228
414,2025-05-16 15:20:00,103975.6,2588.98,0.22784
415,2025-05-16 15:19:00,103991.3,2590.98,0.22799
416,2025-05-16 15:18:00,104007.1,2592.1,0.22805
417,2025-05-16 15:17:00,104008.6,2593.25,0.22822
418,2025-05-16 15:16:00,104100,2594,0.22866
419,2025-05-16 15:15:00,104139.9,2598.04,0.22884
420,2025-05-16 15:14:00,104100,2597.08,0.22846
421,2025-05-16 15:13:00,104115.8,2598.82,0.22863
422,2025-05-16 15:12:00,104186.4,2603.2,0.229
423,2025-05-16 15:11:00,104140.9,2599.99,0.22872
424,2025-05-16 15:10:00,104166.3,2599.45,0.22852
425,2025-05-16 15:09:00,104008.5,2592.58,0.22779
426,2025-05-16 15:08:00,104031.3,2593.22,0.2278
427,2025-05-16 15:07:00,103985.9,2593.35,0.22757
428,2025-05-16 15:06:00,104013.9,2597.38,0.22781
429,2025-05-16 15:05:00,104004.2,2594.61,0.2277
430,2025-05-16 15:04:00,104021,2596.4,0.22801
431,2025-05-16 15:03:00,103863,2592.62,0.2272
432,2025-05-16 15:02:00,103860.6,2593.1,0.2274
433,2025-05-16 15:01:00,103707.9,2590.79,0.2268
434,2025-05-16 15:00:00,103679.8,2588.9,0.22672
435,2025-05-16 14:59:00,103581.6,2584.47,0.22628
436,2025-05-16 14:58:00,103552.3,2583.21,0.2262
437,2025-05-16 14:57:00,103605.4,2585.77,0.22635
438,2025-05-16 14:56:00,103577.3,2584.4,0.22623
439,2025-05-16 14:55:00,103607,2583.69,0.2264
440,2025-05-16 14:54:00,103560,2580.8,0.22591
441,2025-05-16 14:53:00,103575.8,2579.23,0.2256
442,2025-05-16 14:52:00,103594.5,2582.21,0.2257
443,2025-05-16 14:51:00,103615.9,2582.63,0.22563
444,2025-05-16 14:50:00,103633.1,2586.37,0.22635
445,2025-05-16 14:49:00,103562.7,2584.7,0.22595
446,2025-05-16 14:48:00,103516.3,2583.61,0.22565
447,2025-05-16 14:47:00,103461,2580.42,0.22535
448,2025-05-16 14:46:00,103457.3,2581.6,0.22555
449,2025-05-16 14:45:00,103427.5,2579.51,0.2256
450,2025-05-16 14:44:00,103349.5,2574.02,0.22508
451,2025-05-16 14:43:00,103431.6,2578.22,0.2257
452,2025-05-16 14:42:00,103397.4,2577.15,0.22554
453,2025-05-16 14:41:00,103504,2580.05,0.22603
454,2025-05-16 14:40:00,103535,2579.6,0.22609
455,2025-05-16 14:39:00,103612.8,2584.93,0.22675
456,2025-05-16 14:38:00,103728.3,2587.77,0.22687
457,2025-05-16 14:37:00,103678.8,2585.59,0.22678
458,2025-05-16 14:36:00,103664.4,2583.43,0.2268
459,2025-05-16 14:35:00,103697.3,2585.02,0.22691
460,2025-05-16 14:34:00,103687,2586.98,0.22675
461,2025-05-16 14:33:00,103733.1,2589.41,0.22719
462,2025-05-16 14:32:00,103769.9,2591.69,0.22745
463,2025-05-16 14:31:00,103746.5,2590.63,0.22741
464,2025-05-16 14:30:00,103790.1,2591.17,0.22765
465,2025-05-16 14:29:00,103821.6,2597.07,0.22796
466,2025-05-16 14:28:00,103912.1,2600.8,0.22833
467,2025-05-16 14:27:00,103948.8,2603.49,0.2286
468,2025-05-16 14:26:00,103959,2602.55,0.2286
469,2025-05-16 14:25:00,103889.9,2600.44,0.2284
470,2025-05-16 14:24:00,103886.8,2599.2,0.22815
471,2025-05-16 14:23:00,103893.7,2598.9,0.22834
472,2025-05-16 14:22:00,103880,2598.39,0.22821
473,2025-05-16 14:21:00,103837.1,2597.71,0.22835
474,2025-05-16 14:20:00,103762.6,2594.02,0.22785
475,2025-05-16 14:19:00,103800.5,2597.95,0.22793
476,2025-05-16 14:18:00,103812,2595.64,0.22793
477,2025-05-16 14:17:00,103815.7,2595.53,0.22774
478,2025-05-16 14:16:00,103735.7,2591,0.22728
479,2025-05-16 14:15:00,103726.3,2592.57,0.22743
480,2025-05-16 14:14:00,103605.7,2588.83,0.22694
481,2025-05-16 14:13:00,103608,2589.7,0.22707
482,2025-05-16 14:12:00,103572.2,2587.61,0.22665
483,2025-05-16 14:11:00,103544.6,2584.69,0.22691
484,2025-05-16 14:10:00,103590,2589.79,0.2273
485,2025-05-16 14:09:00,103649.9,2592.37,0.22755
486,2025-05-16 14:08:00,103580,2586.9,0.22735
487,2025-05-16 14:07:00,103666,2591.19,0.22755
488,2025-05-16 14:06:00,103617.5,2585.82,0.22717
489,2025-05-16 14:05:00,103649.9,2592.2,0.22727
490,2025-05-16 14:04:00,103753.4,2596.8,0.2279
491,2025-05-16 14:03:00,103662.1,2592.51,0.22733
492,2025-05-16 14:02:00,103786.3,2597,0.22776
493,2025-05-16 14:01:00,103819,2597.11,0.22801
494,2025-05-16 14:00:00,103780.3,2595.19,0.22801
495,2025-05-16 13:59:00,103990,2606.58,0.22916
496,2025-05-16 13:58:00,104044.2,2606.66,0.22891
497,2025-05-16 13:57:00,104068.1,2608.4,0.22906
498,2025-05-16 13:56:00,103982.5,2606.42,0.22874
499,2025-05-16 13:55:00,103969.7,2604.06,0.2287
500,2025-05-16 13:54:00,103893.6,2600.75,0.22826
501,2025-05-16 13:53:00,103905.8,2600.9,0.22831
502,2025-05-16 13:52:00,103880,2605.27,0.22843
503,2025-05-16 13:51:00,103890,2608.53,0.22873
504,2025-05-16 13:50:00,103809.8,2602.96,0.22835
505,2025-05-16 13:49:00,103843.2,2604.54,0.22859
506,2025-05-16 13:48:00,103843.7,2605.88,0.22879
507,2025-05-16 13:47:00,103884.2,2607.52,0.22894
508,2025-05-16 13:46:00,103831,2604.82,0.22865
509,2025-05-16 13:45:00,103844.9,2606.8,0.22877
510,2025-05-16 13:44:00,103733.6,2602.14,0.22816
511,2025-05-16 13:43:00,103656.9,2600.39,0.22777
512,2025-05-16 13:42:00,103614.7,2601.15,0.22788
513,2025-05-16 13:41:00,103740,2607.05,0.22845
514,2025-05-16 13:40:00,103815.1,2611.06,0.2289
515,2025-05-16 13:39:00,103884.2,2612.46,0.22896
516,2025-05-16 13:38:00,103750.6,2606.6,0.22825
517,2025-05-16 13:37:00,103686.6,2603.29,0.22797
518,2025-05-16 13:36:00,103690,2606.2,0.22839
519,2025-05-16 13:35:00,103777.6,2609.08,0.22887
520,2025-05-16 13:34:00,103639.9,2606.13,0.22823
521,2025-05-16 13:33:00,103500,2601.02,0.22721
522,2025-05-16 13:32:00,103441.6,2596.41,0.2268
523,2025-05-16 13:31:00,103463.8,2596,0.22678
524,2025-05-16 13:30:00,103500.5,2598.19,0.2271
525,2025-05-16 13:29:00,103502.7,2599.61,0.22728
526,2025-05-16 13:28:00,103502,2602.79,0.2273
527,2025-05-16 13:27:00,103480.9,2601.2,0.22724
528,2025-05-16 13:26:00,103500.9,2603.2,0.22745
529,2025-05-16 13:25:00,103540.3,2605.2,0.22816
530,2025-05-16 13:24:00,103618.2,2610.21,0.22845
531,2025-05-16 13:23:00,103647.7,2612.04,0.22838
532,2025-05-16 13:22:00,103633.4,2611.2,0.22815
533,2025-05-16 13:21:00,103605.5,2611.81,0.22809
534,2025-05-16 13:20:00,103544.6,2609.71,0.2278
535,2025-05-16 13:19:00,103575.2,2611.24,0.22796
536,2025-05-16 13:18:00,103572.9,2612.64,0.22822
537,2025-05-16 13:17:00,103621.8,2609.89,0.22815
538,2025-05-16 13:16:00,103643.1,2609.83,0.2283
539,2025-05-16 13:15:00,103607.8,2606.81,0.2278
540,2025-05-16 13:14:00,103625,2607.2,0.22783
541,2025-05-16 13:13:00,103648.1,2607.2,0.22793
542,2025-05-16 13:12:00,103639.5,2608.79,0.22797
543,2025-05-16 13:11:00,103627,2605.91,0.22771
544,2025-05-16 13:10:00,103643.7,2606.69,0.22781
545,2025-05-16 13:09:00,103643.8,2608.58,0.22766
546,2025-05-16 13:08:00,103629.9,2606.79,0.22746
547,2025-05-16 13:07:00,103630.3,2606.05,0.22733
548,2025-05-16 13:06:00,103614.9,2606.4,0.22735
549,2025-05-16 13:05:00,103614.9,2605.84,0.22725
550,2025-05-16 13:04:00,103558.2,2604.21,0.22698
551,2025-05-16 13:03:00,103528.1,2603.45,0.22667
552,2025-05-16 13:02:00,103546.1,2602.41,0.2266
553,2025-05-16 13:01:00,103538.8,2599.72,0.22655
554,2025-05-16 13:00:00,103496,2595.84,0.22605
555,2025-05-16 12:59:00,103505.8,2598.14,0.22631
556,2025-05-16 12:58:00,103510.2,2599.15,0.22653
557,2025-05-16 12:57:00,103511.3,2597.48,0.22655
558,2025-05-16 12:56:00,103523.3,2597.14,0.22662
559,2025-05-16 12:55:00,103570,2599.89,0.22712
560,2025-05-16 12:54:00,103596.2,2599.2,0.22683
561,2025-05-16 12:53:00,103620,2600.14,0.2271
562,2025-05-16 12:52:00,103613.2,2600.79,0.22729
563,2025-05-16 12:51:00,103608.2,2600.12,0.22717
564,2025-05-16 12:50:00,103664.2,2602.67,0.22746
565,2025-05-16 12:49:00,103668.7,2603.61,0.22745
566,2025-05-16 12:48:00,103611.4,2601.59,0.2271
567,2025-05-16 12:47:00,103617.8,2600.79,0.22701
568,2025-05-16 12:46:00,103587.8,2599.01,0.22655
569,2025-05-16 12:45:00,103557.9,2598.8,0.22641
570,2025-05-16 12:44:00,103601.9,2600.4,0.22677
571,2025-05-16 12:43:00,103636.6,2601.41,0.22701
572,2025-05-16 12:42:00,103654,2602.59,0.22706
573,2025-05-16 12:41:00,103631.6,2604.05,0.22695
574,2025-05-16 12:40:00,103609,2607.16,0.22714
575,2025-05-16 12:39:00,103573.9,2605.03,0.2269
576,2025-05-16 12:38:00,103579.6,2604,0.2267
577,2025-05-16 12:37:00,103649.9,2604.61,0.22679
578,2025-05-16 12:36:00,103691.6,2607.88,0.22705
579,2025-05-16 12:35:00,103709,2607.46,0.22719
580,2025-05-16 12:34:00,103672.8,2605.35,0.22695
581,2025-05-16 12:33:00,103619.2,2602.32,0.22651
582,2025-05-16 12:32:00,103621.1,2602.14,0.22668
583,2025-05-16 12:31:00,103611.5,2601.6,0.22686
584,2025-05-16 12:30:00,103649,2601.39,0.22688
585,2025-05-16 12:29:00,103604.3,2598.86,0.22656
586,2025-05-16 12:28:00,103649.6,2600.01,0.22646
587,2025-05-16 12:27:00,103661.5,2601.63,0.2265
588,2025-05-16 12:26:00,103655.7,2598.95,0.2264
589,2025-05-16 12:25:00,103562,2595.29,0.22588
590,2025-05-16 12:24:00,103574.4,2602.55,0.22636
591,2025-05-16 12:23:00,103565.6,2601.22,0.22625
592,2025-05-16 12:22:00,103580,2598.67,0.22606
593,2025-05-16 12:21:00,103654.1,2606.29,0.22678
594,2025-05-16 12:20:00,103710,2610.2,0.22711
595,2025-05-16 12:19:00,103710.1,2612.14,0.22717
596,2025-05-16 12:18:00,103670,2610.47,0.227
597,2025-05-16 12:17:00,103646.4,2609.87,0.22687
598,2025-05-16 12:16:00,103629.6,2606.73,0.22661
599,2025-05-16 12:15:00,103655.2,2610.25,0.22695
600,2025-05-16 12:14:00,103730.9,2615.28,0.2275
601,2025-05-16 12:13:00,103711.6,2616.01,0.22764
602,2025-05-16 12:12:00,103711.6,2614.68,0.22742
603,2025-05-16 12:11:00,103726.7,2614.64,0.22762
604,2025-05-16 12:10:00,103777.5,2616.8,0.22773
605,2025-05-16 12:09:00,103763.3,2616,0.22763
606,2025-05-16 12:08:00,103758.9,2617.19,0.22752
607,2025-05-16 12:07:00,103751.7,2618.79,0.22771
608,2025-05-16 12:06:00,103734.3,2621.07,0.22776
609,2025-05-16 12:05:00,103699.6,2621.09,0.22764
610,2025-05-16 12:04:00,103674.4,2619.27,0.22734
611,2025-05-16 12:03:00,103662.2,2617.59,0.22715
612,2025-05-16 12:02:00,103629.1,2615.5,0.22688
613,2025-05-16 12:01:00,103594.2,2614.16,0.22673
614,2025-05-16 12:00:00,103625.3,2619.44,0.22702
615,2025-05-16 11:59:00,103671.2,2620.66,0.22716
616,2025-05-16 11:58:00,103653.5,2620.33,0.2272
617,2025-05-16 11:57:00,103636.3,2620.22,0.22712
618,2025-05-16 11:56:00,103622.6,2620.21,0.22712
619,2025-05-16 11:55:00,103655.3,2620.66,0.22724
620,2025-05-16 11:54:00,103686.1,2622.25,0.22735
621,2025-05-16 11:53:00,103681.5,2623.79,0.22744
622,2025-05-16 11:52:00,103682.8,2623.19,0.2273
623,2025-05-16 11:51:00,103679.7,2623.2,0.22732
624,2025-05-16 11:50:00,103701.3,2624,0.2276
625,2025-05-16 11:49:00,103680,2622.72,0.22762
626,2025-05-16 11:48:00,103640.3,2621.41,0.2274
627,2025-05-16 11:47:00,103629.7,2622.79,0.22746
628,2025-05-16 11:46:00,103603.2,2620.6,0.22717
629,2025-05-16 11:45:00,103583.5,2620.2,0.22713
630,2025-05-16 11:44:00,103564.6,2617.2,0.22698
631,2025-05-16 11:43:00,103595.3,2620.4,0.22716
632,2025-05-16 11:42:00,103613.6,2621.19,0.22726
633,2025-05-16 11:41:00,103640,2623,0.22745
634,2025-05-16 11:40:00,103670.6,2626.37,0.22761
635,2025-05-16 11:39:00,103695.6,2625.69,0.2275
636,2025-05-16 11:38:00,103684.2,2624.64,0.22766
637,2025-05-16 11:37:00,103670.7,2623.2,0.22758
638,2025-05-16 11:36:00,103699.2,2626.41,0.2279
639,2025-05-16 11:35:00,103698.4,2625.71,0.22791
640,2025-05-16 11:34:00,103724.6,2627.72,0.22805
641,2025-05-16 11:33:00,103702.4,2624.08,0.22783
642,2025-05-16 11:32:00,103641.9,2622.38,0.22773
643,2025-05-16 11:31:00,103612.6,2622.01,0.22747
644,2025-05-16 11:30:00,103576.5,2620.14,0.2271
645,2025-05-16 11:29:00,103623.8,2625.1,0.22755
646,2025-05-16 11:28:00,103649.8,2629.34,0.22787
647,2025-05-16 11:27:00,103613.3,2628.02,0.22789
648,2025-05-16 11:26:00,103650.4,2630.41,0.22825
649,2025-05-16 11:25:00,103609.7,2628.43,0.22806
650,2025-05-16 11:24:00,103659.9,2628.65,0.22817
651,2025-05-16 11:23:00,103722.1,2633.6,0.2285
652,2025-05-16 11:22:00,103799.8,2639.79,0.22924
653,2025-05-16 11:21:00,103907.9,2644.84,0.2299
654,2025-05-16 11:20:00,103794,2639.93,0.22941
655,2025-05-16 11:19:00,103744.3,2633.33,0.22885
656,2025-05-16 11:18:00,103797.8,2635.1,0.22935
657,2025-05-16 11:17:00,103752.4,2630.67,0.2289
658,2025-05-16 11:16:00,103750,2628.5,0.22878
659,2025-05-16 11:15:00,103750.3,2631.2,0.22909
660,2025-05-16 11:14:00,103778.1,2630.39,0.22944
661,2025-05-16 11:13:00,103808.4,2631.49,0.22952
662,2025-05-16 11:12:00,103835.2,2632.8,0.22969
663,2025-05-16 11:11:00,103809.3,2630.09,0.22942
664,2025-05-16 11:10:00,103785.7,2624.83,0.22908
665,2025-05-16 11:09:00,103758.9,2625.75,0.22934
666,2025-05-16 11:08:00,103745.5,2624.51,0.22915
667,2025-05-16 11:07:00,103757.3,2624.52,0.22917
668,2025-05-16 11:06:00,103781.6,2627.16,0.2294
669,2025-05-16 11:05:00,103858.8,2626.36,0.22968
670,2025-05-16 11:04:00,103895,2628.58,0.22984
671,2025-05-16 11:03:00,103871.4,2629.21,0.22985
672,2025-05-16 11:02:00,103860.7,2627.37,0.22982
673,2025-05-16 11:01:00,103805.4,2624.6,0.22939
674,2025-05-16 11:00:00,103803.8,2624.37,0.22975
675,2025-05-16 10:59:00,103803.1,2625.2,0.22966
676,2025-05-16 10:58:00,103830.1,2626,0.22962
677,2025-05-16 10:57:00,103847.1,2625.39,0.22938
678,2025-05-16 10:56:00,103866.7,2627.52,0.22942
679,2025-05-16 10:55:00,103869,2626.4,0.22905
680,2025-05-16 10:54:00,103788.4,2623.01,0.22876
681,2025-05-16 10:53:00,103807.9,2622.8,0.22884
682,2025-05-16 10:52:00,103778.6,2620.96,0.22855
683,2025-05-16 10:51:00,103782.4,2621.59,0.22854
684,2025-05-16 10:50:00,103800,2621.9,0.2286
685,2025-05-16 10:49:00,103800,2622.79,0.22886
686,2025-05-16 10:48:00,103825.5,2624.54,0.2293
687,2025-05-16 10:47:00,103825.7,2624.81,0.2291
688,2025-05-16 10:46:00,103818.5,2626.65,0.22927
689,2025-05-16 10:45:00,103783.3,2622.61,0.22899
690,2025-05-16 10:44:00,103762.8,2621.66,0.229
691,2025-05-16 10:43:00,103784.5,2622.15,0.22903
692,2025-05-16 10:42:00,103777.9,2623.18,0.22916
693,2025-05-16 10:41:00,103771.9,2623.7,0.22901
694,2025-05-16 10:40:00,103774.7,2623.37,0.22894
695,2025-05-16 10:39:00,103817.1,2624.7,0.22914
696,2025-05-16 10:38:00,103774.7,2621.99,0.22884
697,2025-05-16 10:37:00,103810.6,2623.49,0.22884
698,2025-05-16 10:36:00,103806.9,2622.09,0.22878
699,2025-05-16 10:35:00,103819.4,2621.08,0.22846
700,2025-05-16 10:34:00,103814.6,2621.93,0.2285
701,2025-05-16 10:33:00,103789.7,2623.41,0.22855
702,2025-05-16 10:32:00,103785.8,2623.13,0.22855
703,2025-05-16 10:31:00,103749.1,2620.46,0.22839
704,2025-05-16 10:30:00,103760,2619.38,0.22829
705,2025-05-16 10:29:00,103717.3,2612.01,0.22785
706,2025-05-16 10:28:00,103760.1,2614.3,0.228
707,2025-05-16 10:27:00,103751.5,2613.2,0.22772
708,2025-05-16 10:26:00,103730,2615.05,0.2279
709,2025-05-16 10:25:00,103794.9,2618.4,0.22801
710,2025-05-16 10:24:00,103737.5,2617.02,0.2278
711,2025-05-16 10:23:00,103762.2,2619.9,0.2283
712,2025-05-16 10:22:00,103793.1,2620,0.22825
713,2025-05-16 10:21:00,103753.9,2616.81,0.2282
714,2025-05-16 10:20:00,103774.2,2618.09,0.2283
715,2025-05-16 10:19:00,103833.7,2619.88,0.22843
716,2025-05-16 10:18:00,103796.7,2616,0.22833
717,2025-05-16 10:17:00,103796.8,2616.73,0.22858
718,2025-05-16 10:16:00,103841.6,2618.12,0.229
719,2025-05-16 10:15:00,103827.8,2619.79,0.22905
720,2025-05-16 10:14:00,103784.1,2617.45,0.22879
721,2025-05-16 10:13:00,103786.4,2618.61,0.22909
722,2025-05-16 10:12:00,103858.4,2624.39,0.22965
723,2025-05-16 10:11:00,103866.9,2622.36,0.22943
724,2025-05-16 10:10:00,103699.9,2609.62,0.22821
725,2025-05-16 10:09:00,103638.1,2607.4,0.22808
726,2025-05-16 10:08:00,103661.4,2608.17,0.22845
727,2025-05-16 10:07:00,103658.9,2608.67,0.22855
728,2025-05-16 10:06:00,103646.9,2608.31,0.2285
729,2025-05-16 10:05:00,103742.6,2611.98,0.22908
730,2025-05-16 10:04:00,103715.4,2606.45,0.22829
731,2025-05-16 10:03:00,103765.2,2608.68,0.22845
732,2025-05-16 10:02:00,103774.2,2608.79,0.2283
733,2025-05-16 10:01:00,103783.8,2608.42,0.22842
734,2025-05-16 10:00:00,103783.2,2609.29,0.2286
735,2025-05-16 09:59:00,103800,2611.2,0.22885
736,2025-05-16 09:58:00,103792.5,2612.73,0.22889
737,2025-05-16 09:57:00,103800,2613.78,0.22879
738,2025-05-16 09:56:00,103800,2613.49,0.22853
739,2025-05-16 09:55:00,103785,2613.99,0.2282
740,2025-05-16 09:54:00,103762.5,2612.56,0.22821
741,2025-05-16 09:53:00,103703.3,2610.76,0.22775
742,2025-05-16 09:52:00,103690.7,2610.01,0.22781
743,2025-05-16 09:51:00,103698.6,2612.4,0.2278
744,2025-05-16 09:50:00,103699,2611.78,0.22808
745,2025-05-16 09:49:00,103733.1,2613.19,0.2288
746,2025-05-16 09:48:00,103751.4,2612.81,0.22862
747,2025-05-16 09:47:00,103764.2,2613.6,0.2287
748,2025-05-16 09:46:00,103720,2611.95,0.22835
749,2025-05-16 09:45:00,103749.3,2614.69,0.22871
750,2025-05-16 09:44:00,103663.1,2608.59,0.22785
751,2025-05-16 09:43:00,103689.1,2610.77,0.22772
752,2025-05-16 09:42:00,103720.4,2610.79,0.22772
753,2025-05-16 09:41:00,103732.4,2611.99,0.22775
754,2025-05-16 09:40:00,103743.8,2612.97,0.22777
755,2025-05-16 09:39:00,103718.4,2610.69,0.22733
756,2025-05-16 09:38:00,103628.1,2607.93,0.22698
757,2025-05-16 09:37:00,103617.6,2605.03,0.22663
758,2025-05-16 09:36:00,103618.3,2606.26,0.2265
759,2025-05-16 09:35:00,103646.2,2605.77,0.22642
760,2025-05-16 09:34:00,103715.4,2610.22,0.22678
761,2025-05-16 09:33:00,103745.5,2614.8,0.227
762,2025-05-16 09:32:00,103740.9,2614.27,0.2267
763,2025-05-16 09:31:00,103746,2612,0.22687
764,2025-05-16 09:30:00,103683.2,2609.98,0.22654
765,2025-05-16 09:29:00,103696.8,2609.36,0.22665
766,2025-05-16 09:28:00,103721.3,2608.97,0.22669
767,2025-05-16 09:27:00,103764.9,2612.38,0.22693
768,2025-05-16 09:26:00,103739.9,2610.63,0.22663
769,2025-05-16 09:25:00,103683.5,2603.66,0.2264
770,2025-05-16 09:24:00,103699.7,2603.91,0.22631
771,2025-05-16 09:23:00,103707,2604.94,0.22623
772,2025-05-16 09:22:00,103692.2,2605.08,0.22586
773,2025-05-16 09:21:00,103697.8,2607.59,0.22624
774,2025-05-16 09:20:00,103633.4,2606.41,0.22589
775,2025-05-16 09:19:00,103615.3,2603.6,0.22541
776,2025-05-16 09:18:00,103597.9,2603,0.22549
777,2025-05-16 09:17:00,103594.4,2602.95,0.2257
778,2025-05-16 09:16:00,103592.6,2604.19,0.22566
779,2025-05-16 09:15:00,103583.8,2596.68,0.22528
780,2025-05-16 09:14:00,103625.9,2598.6,0.22555
781,2025-05-16 09:13:00,103603.7,2597.94,0.22535
782,2025-05-16 09:12:00,103654.1,2601.16,0.22592
783,2025-05-16 09:11:00,103645.2,2596.34,0.22535
784,2025-05-16 09:10:00,103635.3,2598.42,0.22535
785,2025-05-16 09:09:00,103630.2,2603,0.22575
786,2025-05-16 09:08:00,103633.5,2604.79,0.22511
787,2025-05-16 09:07:00,103588.1,2591.46,0.22468
788,2025-05-16 09:06:00,103653.2,2588.82,0.22505
789,2025-05-16 09:05:00,103561.8,2583.17,0.22442
790,2025-05-16 09:04:00,103519.2,2579.33,0.22426
791,2025-05-16 09:03:00,103470.2,2576.69,0.22405
792,2025-05-16 09:02:00,103465.8,2576.92,0.2243
793,2025-05-16 09:01:00,103418.2,2571.67,0.22364
794,2025-05-16 09:00:00,103432.1,2573.86,0.22368
795,2025-05-16 08:59:00,103391.7,2573.35,0.22355
796,2025-05-16 08:58:00,103392.3,2573.37,0.22366
797,2025-05-16 08:57:00,103397.4,2574.25,0.22352
798,2025-05-16 08:56:00,103408.8,2572.83,0.22342
799,2025-05-16 08:55:00,103429.9,2573.83,0.2236
800,2025-05-16 08:54:00,103445.3,2574.8,0.22375
801,2025-05-16 08:53:00,103437.4,2573.37,0.2235
802,2025-05-16 08:52:00,103408.8,2573.31,0.22323
803,2025-05-16 08:51:00,103385.2,2570.65,0.22295
804,2025-05-16 08:50:00,103286.6,2567.3,0.22245
805,2025-05-16 08:49:00,103267.9,2565.46,0.2224
806,2025-05-16 08:48:00,103307.8,2568.81,0.22278
807,2025-05-16 08:47:00,103292.7,2567.94,0.2227
808,2025-05-16 08:46:00,103291.7,2567.4,0.22276
809,2025-05-16 08:45:00,103319,2570.85,0.22318
810,2025-05-16 08:44:00,103316.7,2568.87,0.22301
811,2025-05-16 08:43:00,103290.1,2566.06,0.22265
812,2025-05-16 08:42:00,103331.3,2565.98,0.22265
813,2025-05-16 08:41:00,103229.2,2561.21,0.2222
814,2025-05-16 08:40:00,103216.4,2559.8,0.22195
815,2025-05-16 08:39:00,103206.1,2561.13,0.22195
816,2025-05-16 08:38:00,103197.1,2562.17,0.22214
817,2025-05-16 08:37:00,103260.3,2567.59,0.22286
818,2025-05-16 08:36:00,103289.8,2571.27,0.2232
819,2025-05-16 08:35:00,103292.8,2570.48,0.2232
820,2025-05-16 08:34:00,103319.8,2573.05,0.22332
821,2025-05-16 08:33:00,103290.8,2570.4,0.22301
822,2025-05-16 08:32:00,103312.8,2570.8,0.22319
823,2025-05-16 08:31:00,103277.8,2565.98,0.2227
824,2025-05-16 08:30:00,103294.7,2567.61,0.22298
825,2025-05-16 08:29:00,103269,2568.46,0.22307
826,2025-05-16 08:28:00,103206.8,2564.12,0.22283
827,2025-05-16 08:27:00,103235,2568.4,0.22322
828,2025-05-16 08:26:00,103154.4,2568.72,0.22306
829,2025-05-16 08:25:00,103165.4,2572.89,0.22327
830,2025-05-16 08:24:00,103131.3,2569.6,0.22277
831,2025-05-16 08:23:00,103204.1,2571.01,0.22329
832,2025-05-16 08:22:00,103246.2,2577.56,0.2235
833,2025-05-16 08:21:00,103309.9,2577.2,0.22365
834,2025-05-16 08:20:00,103279.1,2579.03,0.22344
835,2025-05-16 08:19:00,103385.5,2591.2,0.22437
836,2025-05-16 08:18:00,103354,2590.14,0.22425
837,2025-05-16 08:17:00,103342.4,2589.6,0.22421
838,2025-05-16 08:16:00,103334.4,2587.52,0.22416
839,2025-05-16 08:15:00,103373.9,2591.74,0.22448
840,2025-05-16 08:14:00,103495.4,2597.98,0.22527
841,2025-05-16 08:13:00,103541.9,2599.66,0.22546
842,2025-05-16 08:12:00,103533.7,2601.98,0.22561
843,2025-05-16 08:11:00,103525.1,2601.61,0.22542
844,2025-05-16 08:10:00,103536,2602.8,0.22565
845,2025-05-16 08:09:00,103590.3,2601.48,0.22571
846,2025-05-16 08:08:00,103604.4,2604.46,0.22632
847,2025-05-16 08:07:00,103589.4,2603.04,0.2265
848,2025-05-16 08:06:00,103570.3,2597.87,0.2257
849,2025-05-16 08:05:00,103561.9,2596.07,0.2253
850,2025-05-16 08:04:00,103557.9,2595.66,0.225
851,2025-05-16 08:03:00,103603.7,2597.05,0.22529
852,2025-05-16 08:02:00,103655.9,2599.41,0.22567
853,2025-05-16 08:01:00,103650.1,2597.18,0.22536
854,2025-05-16 08:00:00,103757.7,2602.21,0.22589
855,2025-05-16 07:59:00,103710.1,2601.2,0.22579
856,2025-05-16 07:58:00,103702.1,2600.96,0.22571
857,2025-05-16 07:57:00,103743.8,2600.65,0.22575
858,2025-05-16 07:56:00,103741.7,2601.19,0.22575
859,2025-05-16 07:55:00,103740.6,2601.21,0.22583
860,2025-05-16 07:54:00,103751.3,2602,0.22599
861,2025-05-16 07:53:00,103782.7,2603.3,0.22591
862,2025-05-16 07:52:00,103750.1,2602.09,0.22585
863,2025-05-16 07:51:00,103750,2602.41,0.22592
864,2025-05-16 07:50:00,103823.9,2605.57,0.2261
865,2025-05-16 07:49:00,103823.8,2604.39,0.22605
866,2025-05-16 07:48:00,103832,2605.77,0.22614
867,2025-05-16 07:47:00,103816.2,2603.56,0.22583
868,2025-05-16 07:46:00,103851.9,2603.2,0.2259
869,2025-05-16 07:45:00,103863.3,2601.08,0.22571
870,2025-05-16 07:44:00,103829,2596.52,0.22537
871,2025-05-16 07:43:00,103825,2598.1,0.22555
872,2025-05-16 07:42:00,103827.9,2599.21,0.2254
873,2025-05-16 07:41:00,103828.8,2598.82,0.22535
874,2025-05-16 07:40:00,103875.1,2603.19,0.22562
875,2025-05-16 07:39:00,103853.3,2603.9,0.22555
876,2025-05-16 07:38:00,103884.2,2605.21,0.22575
877,2025-05-16 07:37:00,103946.5,2609.07,0.22604
878,2025-05-16 07:36:00,103908.4,2606.79,0.22586
879,2025-05-16 07:35:00,103915.3,2605.62,0.22585
880,2025-05-16 07:34:00,103919.8,2607,0.22598
881,2025-05-16 07:33:00,103936.7,2608.8,0.2265
882,2025-05-16 07:32:00,103977.7,2610.39,0.22696
883,2025-05-16 07:31:00,103975.2,2605.21,0.22665
884,2025-05-16 07:30:00,104007,2607.22,0.22705
885,2025-05-16 07:29:00,104084.8,2608.99,0.22738
886,2025-05-16 07:28:00,104097.9,2605.62,0.22705
887,2025-05-16 07:27:00,104074.6,2603.59,0.22652
888,2025-05-16 07:26:00,104068,2604.16,0.22665
889,2025-05-16 07:25:00,104102.4,2606.53,0.22685
890,2025-05-16 07:24:00,104083.9,2607.07,0.22655
891,2025-05-16 07:23:00,104084.8,2606.76,0.22675
892,2025-05-16 07:22:00,104181.6,2618.13,0.2276
893,2025-05-16 07:21:00,104137,2616.9,0.22719
894,2025-05-16 07:20:00,104090.5,2610.61,0.2269
895,2025-05-16 07:19:00,104083.2,2596.98,0.22602
896,2025-05-16 07:18:00,104037.4,2590.95,0.22528
897,2025-05-16 07:17:00,104001.6,2590.8,0.22527
898,2025-05-16 07:16:00,103968.3,2589.41,0.22515
899,2025-05-16 07:15:00,103980,2589.4,0.22506
900,2025-05-16 07:14:00,103990,2589.6,0.22525
901,2025-05-16 07:13:00,103986.9,2588.36,0.22527
902,2025-05-16 07:12:00,103961.2,2589.09,0.22527
903,2025-05-16 07:11:00,103916.4,2586.83,0.22498
904,2025-05-16 07:10:00,103901.9,2586.08,0.22502
905,2025-05-16 07:09:00,103881.8,2586.65,0.225
906,2025-05-16 07:08:00,103876.6,2585.2,0.22492
907,2025-05-16 07:07:00,103903.2,2586.22,0.22507
908,2025-05-16 07:06:00,103924.7,2590.3,0.22544
909,2025-05-16 07:05:00,103953.9,2591.76,0.22547
910,2025-05-16 07:04:00,103966.7,2591.45,0.22558
911,2025-05-16 07:03:00,103909.8,2589.83,0.22545
912,2025-05-16 07:02:00,103863.8,2588.52,0.22541
913,2025-05-16 07:01:00,103874.8,2590.39,0.22556
914,2025-05-16 07:00:00,103927.4,2595.2,0.22622
915,2025-05-16 06:59:00,103990.4,2597.5,0.22648
916,2025-05-16 06:58:00,103966.7,2595.56,0.2264
917,2025-05-16 06:57:00,103948.2,2595.3,0.22639
918,2025-05-16 06:56:00,103988.7,2596.91,0.22668
919,2025-05-16 06:55:00,103991.3,2596.89,0.22687
920,2025-05-16 06:54:00,103983.3,2596.07,0.22701
921,2025-05-16 06:53:00,103983.2,2595.17,0.22699
922,2025-05-16 06:52:00,103990.8,2596.21,0.22725
923,2025-05-16 06:51:00,103999.9,2597.08,0.22727
924,2025-05-16 06:50:00,104022.1,2597.6,0.22744
925,2025-05-16 06:49:00,104093.3,2600.09,0.22758
926,2025-05-16 06:48:00,104072.9,2598.22,0.2272
927,2025-05-16 06:47:00,104044,2597,0.2269
928,2025-05-16 06:46:00,104054.5,2598.18,0.22709
929,2025-05-16 06:45:00,103986.3,2594.07,0.22662
930,2025-05-16 06:44:00,104004.3,2594.02,0.22669
931,2025-05-16 06:43:00,104033.1,2596,0.22679
932,2025-05-16 06:42:00,104023.3,2595.09,0.22665
933,2025-05-16 06:41:00,104026.3,2596.22,0.22681
934,2025-05-16 06:40:00,103999.2,2592.8,0.2265
935,2025-05-16 06:39:00,103983.9,2593,0.22655
936,2025-05-16 06:38:00,103986,2594.74,0.22661
937,2025-05-16 06:37:00,103977.5,2592.82,0.22642
938,2025-05-16 06:36:00,103968.9,2595.19,0.22671
939,2025-05-16 06:35:00,103997.6,2596.39,0.22692
940,2025-05-16 06:34:00,104045.7,2598.82,0.22701
941,2025-05-16 06:33:00,104047.7,2599.24,0.2269
942,2025-05-16 06:32:00,104038.8,2598.2,0.22665
943,2025-05-16 06:31:00,104068,2598.8,0.22693
944,2025-05-16 06:30:00,103984.2,2598.38,0.2266
945,2025-05-16 06:29:00,103959.1,2594.79,0.22635
946,2025-05-16 06:28:00,103940.1,2594.47,0.22631
947,2025-05-16 06:27:00,103987.2,2596.46,0.22681
948,2025-05-16 06:26:00,103999.9,2596.37,0.2269
949,2025-05-16 06:25:00,103964.4,2596.21,0.2269
950,2025-05-16 06:24:00,103969,2597.17,0.22694
951,2025-05-16 06:23:00,103973,2597.2,0.22696
952,2025-05-16 06:22:00,103938.2,2595.53,0.22683
953,2025-05-16 06:21:00,103950.7,2595.82,0.22695
954,2025-05-16 06:20:00,104002.4,2597.6,0.22728
955,2025-05-16 06:19:00,104010.8,2599.58,0.22744
956,2025-05-16 06:18:00,104007.4,2598.23,0.22739
957,2025-05-16 06:17:00,103919.1,2594.65,0.227
958,2025-05-16 06:16:00,104030.9,2597.2,0.22736
959,2025-05-16 06:15:00,104007,2595.81,0.22707
960,2025-05-16 06:14:00,103925,2590.35,0.22637
961,2025-05-16 06:13:00,103910,2590.21,0.22644
962,2025-05-16 06:12:00,103977.8,2592.6,0.22672
963,2025-05-16 06:11:00,103924.4,2592.25,0.22638
964,2025-05-16 06:10:00,103949.9,2593.41,0.2267
965,2025-05-16 06:09:00,103951.7,2591.2,0.22655
966,2025-05-16 06:08:00,103985,2592.4,0.22688
967,2025-05-16 06:07:00,103950.7,2588.82,0.22606
968,2025-05-16 06:06:00,103899.8,2587.82,0.22596
969,2025-05-16 06:05:00,103904.3,2591.16,0.22645
970,2025-05-16 06:04:00,103925,2592.69,0.2264
971,2025-05-16 06:03:00,104004.3,2596.8,0.2271
972,2025-05-16 06:02:00,103903.2,2592.4,0.22655
973,2025-05-16 06:01:00,103980.6,2596.79,0.2271
974,2025-05-16 06:00:00,103935.6,2594.8,0.22642
975,2025-05-16 05:59:00,103905.4,2594.4,0.22625
976,2025-05-16 05:58:00,103928,2595.88,0.2263
977,2025-05-16 05:57:00,103925.2,2595.01,0.22654
978,2025-05-16 05:56:00,103946.2,2594.13,0.22655
979,2025-05-16 05:55:00,103961.7,2589.4,0.22628
980,2025-05-16 05:54:00,103933.6,2588.71,0.22637
981,2025-05-16 05:53:00,103981.8,2590.76,0.22677
982,2025-05-16 05:52:00,103976.1,2591.2,0.22667
983,2025-05-16 05:51:00,103987.4,2594.28,0.2269
984,2025-05-16 05:50:00,103969.8,2592.4,0.22653
985,2025-05-16 05:49:00,103995.1,2592.79,0.22665
986,2025-05-16 05:48:00,104016.6,2592.84,0.22656
987,2025-05-16 05:47:00,104007,2590.35,0.22635
988,2025-05-16 05:46:00,103996.4,2591.96,0.22651
989,2025-05-16 05:45:00,104026.7,2592.63,0.22663
990,2025-05-16 05:44:00,104022.8,2595.03,0.22684
991,2025-05-16 05:43:00,103968.8,2591.84,0.22657
992,2025-05-16 05:42:00,103944.8,2591.21,0.22649
993,2025-05-16 05:41:00,103882.2,2586.99,0.22616
994,2025-05-16 05:40:00,103865.5,2586.3,0.22611
995,2025-05-16 05:39:00,103864.8,2586.22,0.2263
996,2025-05-16 05:38:00,103845.9,2586.82,0.22633
997,2025-05-16 05:37:00,103883.7,2590.42,0.22663
998,2025-05-16 05:36:00,103950,2591.79,0.22705
999,2025-05-16 05:35:00,103886,2587,0.2267
